INSERT INTO Client (client_id, surname, name, patronymic, gender, birth_date, phone, email) VALUES (1, 'Иванов', 'Пётр', NULL, 'М', '1998-05-08', '+79001000001', 'client1@example.com');
INSERT INTO Client (client_id, surname, name, patronymic, gender, birth_date, phone, email) VALUES (2, 'Смирнова', 'Ольга', NULL, 'Ж', '1998-02-22', '+79001000002', 'client2@example.com');
INSERT INTO Client (client_id, surname, name, patronymic, gender, birth_date, phone, email) VALUES (3, 'Козлов', 'Пётр', NULL, 'М', '1988-01-01', '+79001000003', 'client3@example.com');
INSERT INTO Client (client_id, surname, name, patronymic, gender, birth_date, phone, email) VALUES (4, 'Васильева', 'Мария', NULL, 'Ж', '1982-09-20', '+79001000004', 'client4@example.com');
INSERT INTO Client (client_id, surname, name, patronymic, gender, birth_date, phone, email) VALUES (5, 'Павлов', 'Иван', NULL, 'М', '1981-12-21', '+79001000005', 'client5@example.com');
INSERT INTO Client (client_id, surname, name, patronymic, gender, birth_date, phone, email) VALUES (6, 'Соколова', 'Наталья', NULL, 'Ж', '1989-10-09', '+79001000006', 'client6@example.com');
INSERT INTO Client (client_id, surname, name, patronymic, gender, birth_date, phone, email) VALUES (7, 'Попов', 'Иван', NULL, 'М', '1997-07-11', '+79001000007', 'client7@example.com');
INSERT INTO Client (client_id, surname, name, patronymic, gender, birth_date, phone, email) VALUES (8, 'Смирнова', 'Татьяна', NULL, 'Ж', '1981-06-04', '+79001000008', 'client8@example.com');
INSERT INTO Client (client_id, surname, name, patronymic, gender, birth_date, phone, email) VALUES (9, 'Волков', 'Пётр', NULL, 'М', '1978-06-28', '+79001000009', 'client9@example.com');
INSERT INTO Client (client_id, surname, name, patronymic, gender, birth_date, phone, email) VALUES (10, 'Степанова', 'Светлана', NULL, 'Ж', '1983-01-24', '+79001000010', 'client10@example.com');
INSERT INTO Client (client_id, surname, name, patronymic, gender, birth_date, phone, email) VALUES (11, 'Павлов', 'Николай', NULL, 'М', '1978-07-03', '+79001000011', 'client11@example.com');
INSERT INTO Client (client_id, surname, name, patronymic, gender, birth_date, phone, email) VALUES (12, 'Степанова', 'Татьяна', NULL, 'Ж', '2003-06-19', '+79001000012', 'client12@example.com');
INSERT INTO Client (client_id, surname, name, patronymic, gender, birth_date, phone, email) VALUES (13, 'Сидоров', 'Алексей', NULL, 'М', '1976-11-08', '+79001000013', 'client13@example.com');
INSERT INTO Client (client_id, surname, name, patronymic, gender, birth_date, phone, email) VALUES (14, 'Сидорова', 'Татьяна', NULL, 'Ж', '2002-04-28', '+79001000014', 'client14@example.com');
INSERT INTO Client (client_id, surname, name, patronymic, gender, birth_date, phone, email) VALUES (15, 'Волков', 'Пётр', NULL, 'М', '1983-08-21', '+79001000015', 'client15@example.com');
INSERT INTO Client (client_id, surname, name, patronymic, gender, birth_date, phone, email) VALUES (16, 'Попова', 'Светлана', NULL, 'Ж', '1986-06-07', '+79001000016', 'client16@example.com');
INSERT INTO Client (client_id, surname, name, patronymic, gender, birth_date, phone, email) VALUES (17, 'Сидоров', 'Дмитрий', NULL, 'М', '1994-11-06', '+79001000017', 'client17@example.com');
INSERT INTO Client (client_id, surname, name, patronymic, gender, birth_date, phone, email) VALUES (18, 'Попова', 'Ольга', NULL, 'Ж', '1989-07-09', '+79001000018', 'client18@example.com');
INSERT INTO Client (client_id, surname, name, patronymic, gender, birth_date, phone, email) VALUES (19, 'Фёдоров', 'Алексей', NULL, 'М', '2001-01-08', '+79001000019', 'client19@example.com');
INSERT INTO Client (client_id, surname, name, patronymic, gender, birth_date, phone, email) VALUES (20, 'Фёдорова', 'Анна', NULL, 'Ж', '1987-05-03', '+79001000020', 'client20@example.com');
INSERT INTO SportService (sport_service_id, title, location, price) VALUES (1, 'Бассейн', 'Филиал Центральный', 2500);
INSERT INTO SportService (sport_service_id, title, location, price) VALUES (2, 'Сауна', 'Филиал Центральный', 1200);
INSERT INTO SportService (sport_service_id, title, location, price) VALUES (3, 'Йога', 'Филиал Центральный', 1800);
INSERT INTO SportService (sport_service_id, title, location, price) VALUES (4, 'Утренний комплекс растяжки', 'Филиал Центральный', 1500);
INSERT INTO SportService (sport_service_id, title, location, price) VALUES (5, 'Тренажёрный зал', 'Филиал Центральный', 3000);
INSERT INTO SportService (sport_service_id, title, location, price) VALUES (6, 'Бокс', 'Филиал Центральный', 2200);
INSERT INTO SportService (sport_service_id, title, location, price) VALUES (7, 'Пилатес', 'Филиал Центральный', 1700);
INSERT INTO SportService (sport_service_id, title, location, price) VALUES (8, 'Групповой кроссфит', 'Филиал Центральный', 2800);
INSERT INTO SportService (sport_service_id, title, location, price) VALUES (9, 'Персональная тренировка', 'Филиал Центральный', 4000);
INSERT INTO SportService (sport_service_id, title, location, price) VALUES (10, 'Танцы (зумба)', 'Филиал Центральный', 1600);
INSERT INTO Subscription (subscription_id, client_id, start_date, end_date, visit_limit, price, paid_at) VALUES (1, 1, '2026-04-22', '2026-07-21', 16, 7600, '2026-04-21 12:00:00');
INSERT INTO Subscription (subscription_id, client_id, start_date, end_date, visit_limit, price, paid_at) VALUES (2, 2, '2026-01-16', '2026-03-17', NULL, 6300, '2026-01-13 12:00:00');
INSERT INTO Subscription (subscription_id, client_id, start_date, end_date, visit_limit, price, paid_at) VALUES (3, 2, '2026-03-13', '2026-04-12', 8, 5800, '2026-03-12 12:00:00');
INSERT INTO Subscription (subscription_id, client_id, start_date, end_date, visit_limit, price, paid_at) VALUES (4, 2, '2025-12-07', '2026-03-07', NULL, 1200, '2025-12-05 12:00:00');
INSERT INTO Subscription (subscription_id, client_id, start_date, end_date, visit_limit, price, paid_at) VALUES (5, 3, '2026-03-16', '2026-06-14', 16, 6700, '2026-03-16 12:00:00');
INSERT INTO Subscription (subscription_id, client_id, start_date, end_date, visit_limit, price, paid_at) VALUES (6, 3, '2025-11-07', '2026-02-05', 12, 8500, '2025-11-07 12:00:00');
INSERT INTO Subscription (subscription_id, client_id, start_date, end_date, visit_limit, price, paid_at) VALUES (7, 4, '2026-05-03', '2026-08-01', 8, 4900, '2026-05-01 12:00:00');
INSERT INTO Subscription (subscription_id, client_id, start_date, end_date, visit_limit, price, paid_at) VALUES (8, 4, '2025-11-18', '2025-12-18', 8, 1200, '2025-11-17 12:00:00');
INSERT INTO Subscription (subscription_id, client_id, start_date, end_date, visit_limit, price, paid_at) VALUES (9, 4, '2026-05-09', '2026-08-07', 12, 6500, '2026-05-08 12:00:00');
INSERT INTO Subscription (subscription_id, client_id, start_date, end_date, visit_limit, price, paid_at) VALUES (10, 5, '2026-03-02', '2026-05-01', NULL, 6300, '2026-02-28 12:00:00');
INSERT INTO Subscription (subscription_id, client_id, start_date, end_date, visit_limit, price, paid_at) VALUES (11, 6, '2025-09-06', '2025-12-05', 12, 6700, '2025-09-05 12:00:00');
INSERT INTO Subscription (subscription_id, client_id, start_date, end_date, visit_limit, price, paid_at) VALUES (12, 6, '2025-09-09', '2025-11-08', 8, 3700, '2025-09-08 12:00:00');
INSERT INTO Subscription (subscription_id, client_id, start_date, end_date, visit_limit, price, paid_at) VALUES (13, 7, '2026-01-26', '2026-03-27', 12, 4200, '2026-01-23 12:00:00');
INSERT INTO Subscription (subscription_id, client_id, start_date, end_date, visit_limit, price, paid_at) VALUES (14, 7, '2025-12-18', '2026-02-16', NULL, 5400, '2025-12-18 12:00:00');
INSERT INTO Subscription (subscription_id, client_id, start_date, end_date, visit_limit, price, paid_at) VALUES (15, 7, '2025-09-28', '2025-10-28', 12, 8000, '2025-09-27 12:00:00');
INSERT INTO Subscription (subscription_id, client_id, start_date, end_date, visit_limit, price, paid_at) VALUES (16, 8, '2025-12-23', '2026-03-23', 8, 8200, '2025-12-23 12:00:00');
INSERT INTO Subscription (subscription_id, client_id, start_date, end_date, visit_limit, price, paid_at) VALUES (17, 9, '2026-04-10', '2026-06-09', 8, 6300, '2026-04-09 12:00:00');
INSERT INTO Subscription (subscription_id, client_id, start_date, end_date, visit_limit, price, paid_at) VALUES (18, 10, '2025-11-13', '2026-01-12', NULL, 6700, '2025-11-12 12:00:00');
INSERT INTO Subscription (subscription_id, client_id, start_date, end_date, visit_limit, price, paid_at) VALUES (19, 10, '2026-03-11', '2026-05-10', 8, 3300, '2026-03-11 12:00:00');
INSERT INTO Subscription (subscription_id, client_id, start_date, end_date, visit_limit, price, paid_at) VALUES (20, 11, '2025-09-21', '2025-10-21', 8, 4700, '2025-09-21 12:00:00');
INSERT INTO Subscription (subscription_id, client_id, start_date, end_date, visit_limit, price, paid_at) VALUES (21, 11, '2025-11-03', '2026-02-01', 8, 3300, '2025-11-03 12:00:00');
INSERT INTO Subscription (subscription_id, client_id, start_date, end_date, visit_limit, price, paid_at) VALUES (22, 11, '2025-10-23', '2026-01-21', 16, 7700, '2025-10-22 12:00:00');
INSERT INTO Subscription (subscription_id, client_id, start_date, end_date, visit_limit, price, paid_at) VALUES (23, 12, '2025-09-03', '2025-11-02', 8, 6300, '2025-09-03 12:00:00');
INSERT INTO Subscription (subscription_id, client_id, start_date, end_date, visit_limit, price, paid_at) VALUES (24, 13, '2026-04-14', '2026-05-14', 16, 3700, '2026-04-12 12:00:00');
INSERT INTO Subscription (subscription_id, client_id, start_date, end_date, visit_limit, price, paid_at) VALUES (25, 14, '2025-09-03', '2025-12-02', 16, 5500, '2025-09-03 12:00:00');
INSERT INTO Subscription (subscription_id, client_id, start_date, end_date, visit_limit, price, paid_at) VALUES (26, 14, '2026-01-20', '2026-02-19', 16, 6300, '2026-01-18 12:00:00');
INSERT INTO Subscription (subscription_id, client_id, start_date, end_date, visit_limit, price, paid_at) VALUES (27, 14, '2025-11-07', '2026-02-05', NULL, 1200, '2025-11-05 12:00:00');
INSERT INTO Subscription (subscription_id, client_id, start_date, end_date, visit_limit, price, paid_at) VALUES (28, 15, '2025-09-01', '2025-10-31', 12, 3700, '2025-08-30 12:00:00');
INSERT INTO Subscription (subscription_id, client_id, start_date, end_date, visit_limit, price, paid_at) VALUES (29, 16, '2025-09-20', '2025-12-19', 12, 10500, '2025-09-20 12:00:00');
INSERT INTO Subscription (subscription_id, client_id, start_date, end_date, visit_limit, price, paid_at) VALUES (30, 17, '2026-04-19', '2026-06-18', 12, 5700, '2026-04-18 12:00:00');
INSERT INTO Subscription (subscription_id, client_id, start_date, end_date, visit_limit, price, paid_at) VALUES (31, 18, '2026-04-10', '2026-05-10', 12, 3700, '2026-04-07 12:00:00');
INSERT INTO Subscription (subscription_id, client_id, start_date, end_date, visit_limit, price, paid_at) VALUES (32, 19, '2025-11-08', '2025-12-08', 8, 3100, '2025-11-05 12:00:00');
INSERT INTO Subscription (subscription_id, client_id, start_date, end_date, visit_limit, price, paid_at) VALUES (33, 20, '2026-03-30', '2026-04-29', 12, 5200, '2026-03-30 12:00:00');
INSERT INTO Subscription (subscription_id, client_id, start_date, end_date, visit_limit, price, paid_at) VALUES (34, 20, '2025-11-11', '2026-01-10', NULL, 3000, '2025-11-09 12:00:00');
INSERT INTO SubscriptionItem (subscription_item_id, subscription_id, sport_service_id) VALUES (1, 1, 8);
INSERT INTO SubscriptionItem (subscription_item_id, subscription_id, sport_service_id) VALUES (2, 1, 3);
INSERT INTO SubscriptionItem (subscription_item_id, subscription_id, sport_service_id) VALUES (3, 1, 5);
INSERT INTO SubscriptionItem (subscription_item_id, subscription_id, sport_service_id) VALUES (4, 2, 3);
INSERT INTO SubscriptionItem (subscription_item_id, subscription_id, sport_service_id) VALUES (5, 2, 4);
INSERT INTO SubscriptionItem (subscription_item_id, subscription_id, sport_service_id) VALUES (6, 2, 5);
INSERT INTO SubscriptionItem (subscription_item_id, subscription_id, sport_service_id) VALUES (7, 3, 1);
INSERT INTO SubscriptionItem (subscription_item_id, subscription_id, sport_service_id) VALUES (8, 3, 3);
INSERT INTO SubscriptionItem (subscription_item_id, subscription_id, sport_service_id) VALUES (9, 3, 4);
INSERT INTO SubscriptionItem (subscription_item_id, subscription_id, sport_service_id) VALUES (10, 4, 2);
INSERT INTO SubscriptionItem (subscription_item_id, subscription_id, sport_service_id) VALUES (11, 5, 1);
INSERT INTO SubscriptionItem (subscription_item_id, subscription_id, sport_service_id) VALUES (12, 5, 2);
INSERT INTO SubscriptionItem (subscription_item_id, subscription_id, sport_service_id) VALUES (13, 5, 5);
INSERT INTO SubscriptionItem (subscription_item_id, subscription_id, sport_service_id) VALUES (14, 6, 9);
INSERT INTO SubscriptionItem (subscription_item_id, subscription_id, sport_service_id) VALUES (15, 6, 4);
INSERT INTO SubscriptionItem (subscription_item_id, subscription_id, sport_service_id) VALUES (16, 6, 5);
INSERT INTO SubscriptionItem (subscription_item_id, subscription_id, sport_service_id) VALUES (17, 7, 10);
INSERT INTO SubscriptionItem (subscription_item_id, subscription_id, sport_service_id) VALUES (18, 7, 3);
INSERT INTO SubscriptionItem (subscription_item_id, subscription_id, sport_service_id) VALUES (19, 7, 4);
INSERT INTO SubscriptionItem (subscription_item_id, subscription_id, sport_service_id) VALUES (20, 8, 2);
INSERT INTO SubscriptionItem (subscription_item_id, subscription_id, sport_service_id) VALUES (21, 9, 3);
INSERT INTO SubscriptionItem (subscription_item_id, subscription_id, sport_service_id) VALUES (22, 9, 5);
INSERT INTO SubscriptionItem (subscription_item_id, subscription_id, sport_service_id) VALUES (23, 9, 7);
INSERT INTO SubscriptionItem (subscription_item_id, subscription_id, sport_service_id) VALUES (24, 10, 3);
INSERT INTO SubscriptionItem (subscription_item_id, subscription_id, sport_service_id) VALUES (25, 10, 4);
INSERT INTO SubscriptionItem (subscription_item_id, subscription_id, sport_service_id) VALUES (26, 10, 5);
INSERT INTO SubscriptionItem (subscription_item_id, subscription_id, sport_service_id) VALUES (27, 11, 1);
INSERT INTO SubscriptionItem (subscription_item_id, subscription_id, sport_service_id) VALUES (28, 11, 2);
INSERT INTO SubscriptionItem (subscription_item_id, subscription_id, sport_service_id) VALUES (29, 11, 5);
INSERT INTO SubscriptionItem (subscription_item_id, subscription_id, sport_service_id) VALUES (30, 12, 1);
INSERT INTO SubscriptionItem (subscription_item_id, subscription_id, sport_service_id) VALUES (31, 12, 2);
INSERT INTO SubscriptionItem (subscription_item_id, subscription_id, sport_service_id) VALUES (32, 13, 2);
INSERT INTO SubscriptionItem (subscription_item_id, subscription_id, sport_service_id) VALUES (33, 13, 5);
INSERT INTO SubscriptionItem (subscription_item_id, subscription_id, sport_service_id) VALUES (34, 14, 1);
INSERT INTO SubscriptionItem (subscription_item_id, subscription_id, sport_service_id) VALUES (35, 14, 2);
INSERT INTO SubscriptionItem (subscription_item_id, subscription_id, sport_service_id) VALUES (36, 14, 7);
INSERT INTO SubscriptionItem (subscription_item_id, subscription_id, sport_service_id) VALUES (37, 15, 3);
INSERT INTO SubscriptionItem (subscription_item_id, subscription_id, sport_service_id) VALUES (38, 15, 4);
INSERT INTO SubscriptionItem (subscription_item_id, subscription_id, sport_service_id) VALUES (39, 15, 5);
INSERT INTO SubscriptionItem (subscription_item_id, subscription_id, sport_service_id) VALUES (40, 15, 7);
INSERT INTO SubscriptionItem (subscription_item_id, subscription_id, sport_service_id) VALUES (41, 16, 1);
INSERT INTO SubscriptionItem (subscription_item_id, subscription_id, sport_service_id) VALUES (42, 16, 2);
INSERT INTO SubscriptionItem (subscription_item_id, subscription_id, sport_service_id) VALUES (43, 16, 4);
INSERT INTO SubscriptionItem (subscription_item_id, subscription_id, sport_service_id) VALUES (44, 16, 5);
INSERT INTO SubscriptionItem (subscription_item_id, subscription_id, sport_service_id) VALUES (45, 17, 3);
INSERT INTO SubscriptionItem (subscription_item_id, subscription_id, sport_service_id) VALUES (46, 17, 4);
INSERT INTO SubscriptionItem (subscription_item_id, subscription_id, sport_service_id) VALUES (47, 17, 5);
INSERT INTO SubscriptionItem (subscription_item_id, subscription_id, sport_service_id) VALUES (48, 18, 1);
INSERT INTO SubscriptionItem (subscription_item_id, subscription_id, sport_service_id) VALUES (49, 18, 2);
INSERT INTO SubscriptionItem (subscription_item_id, subscription_id, sport_service_id) VALUES (50, 18, 5);
INSERT INTO SubscriptionItem (subscription_item_id, subscription_id, sport_service_id) VALUES (51, 19, 3);
INSERT INTO SubscriptionItem (subscription_item_id, subscription_id, sport_service_id) VALUES (52, 19, 4);
INSERT INTO SubscriptionItem (subscription_item_id, subscription_id, sport_service_id) VALUES (53, 20, 5);
INSERT INTO SubscriptionItem (subscription_item_id, subscription_id, sport_service_id) VALUES (54, 20, 7);
INSERT INTO SubscriptionItem (subscription_item_id, subscription_id, sport_service_id) VALUES (55, 21, 3);
INSERT INTO SubscriptionItem (subscription_item_id, subscription_id, sport_service_id) VALUES (56, 21, 4);
INSERT INTO SubscriptionItem (subscription_item_id, subscription_id, sport_service_id) VALUES (57, 22, 1);
INSERT INTO SubscriptionItem (subscription_item_id, subscription_id, sport_service_id) VALUES (58, 22, 2);
INSERT INTO SubscriptionItem (subscription_item_id, subscription_id, sport_service_id) VALUES (59, 22, 9);
INSERT INTO SubscriptionItem (subscription_item_id, subscription_id, sport_service_id) VALUES (60, 23, 3);
INSERT INTO SubscriptionItem (subscription_item_id, subscription_id, sport_service_id) VALUES (61, 23, 4);
INSERT INTO SubscriptionItem (subscription_item_id, subscription_id, sport_service_id) VALUES (62, 23, 5);
INSERT INTO SubscriptionItem (subscription_item_id, subscription_id, sport_service_id) VALUES (63, 24, 1);
INSERT INTO SubscriptionItem (subscription_item_id, subscription_id, sport_service_id) VALUES (64, 24, 2);
INSERT INTO SubscriptionItem (subscription_item_id, subscription_id, sport_service_id) VALUES (65, 25, 1);
INSERT INTO SubscriptionItem (subscription_item_id, subscription_id, sport_service_id) VALUES (66, 25, 5);
INSERT INTO SubscriptionItem (subscription_item_id, subscription_id, sport_service_id) VALUES (67, 26, 3);
INSERT INTO SubscriptionItem (subscription_item_id, subscription_id, sport_service_id) VALUES (68, 26, 4);
INSERT INTO SubscriptionItem (subscription_item_id, subscription_id, sport_service_id) VALUES (69, 26, 5);
INSERT INTO SubscriptionItem (subscription_item_id, subscription_id, sport_service_id) VALUES (70, 27, 2);
INSERT INTO SubscriptionItem (subscription_item_id, subscription_id, sport_service_id) VALUES (71, 28, 1);
INSERT INTO SubscriptionItem (subscription_item_id, subscription_id, sport_service_id) VALUES (72, 28, 2);
INSERT INTO SubscriptionItem (subscription_item_id, subscription_id, sport_service_id) VALUES (73, 29, 9);
INSERT INTO SubscriptionItem (subscription_item_id, subscription_id, sport_service_id) VALUES (74, 29, 3);
INSERT INTO SubscriptionItem (subscription_item_id, subscription_id, sport_service_id) VALUES (75, 29, 5);
INSERT INTO SubscriptionItem (subscription_item_id, subscription_id, sport_service_id) VALUES (76, 29, 7);
INSERT INTO SubscriptionItem (subscription_item_id, subscription_id, sport_service_id) VALUES (77, 30, 9);
INSERT INTO SubscriptionItem (subscription_item_id, subscription_id, sport_service_id) VALUES (78, 30, 7);
INSERT INTO SubscriptionItem (subscription_item_id, subscription_id, sport_service_id) VALUES (79, 31, 1);
INSERT INTO SubscriptionItem (subscription_item_id, subscription_id, sport_service_id) VALUES (80, 31, 2);
INSERT INTO SubscriptionItem (subscription_item_id, subscription_id, sport_service_id) VALUES (81, 32, 10);
INSERT INTO SubscriptionItem (subscription_item_id, subscription_id, sport_service_id) VALUES (82, 32, 4);
INSERT INTO SubscriptionItem (subscription_item_id, subscription_id, sport_service_id) VALUES (83, 33, 5);
INSERT INTO SubscriptionItem (subscription_item_id, subscription_id, sport_service_id) VALUES (84, 33, 6);
INSERT INTO SubscriptionItem (subscription_item_id, subscription_id, sport_service_id) VALUES (85, 34, 5);